<?xml version="1.0" encoding="UTF-8" ?>
<!DOCTYPE mapper PUBLIC "-//mybatis.org//DTD Mapper 3.0//EN" "http://mybatis.org/dtd/mybatis-3-mapper.dtd">
<mapper namespace="com.cscec.informationcenter.business_subcontract_settlement.dao.ContractDao">

    <resultMap id="baseMap" type="Contract">
        <result column="id" property="id" />
        <result column="name" property="name"/>
        <result column="code" property="code"/>
        <result column="create_time" property="createTime"/>
        <result column="update_time" property="updateTime"/>
        <result column="create_user" property="createUser"/>
        <result column="update_user" property="updateUser"/>
        <result column="is_deleted" property="isDeleted"/>
        <result column="yunzhu_id" property="yunzhuId"/>
        <result column="project_id" property="projectId"/>
        <result column="project_name" property="projectName"/>
        <result column="tender_name" property="tenderName"/>
        <result column="tender_origin" property="tenderOrigin"/>
        <result column="code" property="code"/>
        <result column="name" property="name"/>
        <result column="sign_date" property="signDate"/>
        <result column="subcontractor_name" property="subcontractorName"/>
        <result column="start_date" property="startDate"/>
        <result column="end_date" property="endDate"/>
        <result column="total_duration" property="totalDuration"/>
        <result column="warranty_expire_date" property="warrantyExpireDate"/>
        <result column="warranty_proportion" property="warrantyProportion"/>
        <result column="warranty" property="warranty"/>
        <result column="rmbExcludeTax" property="rmbExcludeTax"/>
        <result column="dollar" property="dollar"/>
        <result column="local_price" property="localPrice"/>
        <result column="tax_rate" property="taxRate"/>
        <result column="tax" property="tax"/>
        <result column="rmb" property="rmb"/>
        <result column="taxpayer_identification" property="taxpayerIdentification"/>
        <result column="bank" property="bank"/>
        <result column="bank_account" property="bankAccount"/>
        <result column="process_payment_ratio" property="processPaymentRatio"/>
        <result column="final_payment_ratio" property="finalPaymentRatio"/>
        <result column="shelf_payment_ratio" property="shelfPaymentRatio"/>
        <result column="quality_assessment_ratio" property="qualityAssessmentRatio"/>
        <result column="safety_assessment_ratio" property="safetyAssessmentRatio"/>
        <result column="progress_assessment_ratio" property="progressAssessmentRatio"/>
        <result column="main_contents" property="mainContents"/>
        <result column="billing_requirements" property="billingRequirements"/>
        <result column="quality_requirements" property="qualityRequirements"/>
        <result column="safety_requirements" property="safetyRequirements"/>
        <result column="note" property="note"/>
        <result column="approval_status" property="approvalStatus"/>
        <result column="business_status" property="businessStatus"/>
        <result column="file_list" property="fileList"/>
    </resultMap>

    <select id="generateCode" resultType="String">
        select concat(current_date+'-',lpad(count(*) + 1 + "",5,"0"))
        from contract
        where create_time = current_date
    </select>

    <sql id="allField">
        id,create_user,update_user,create_time,update_time,is_deleted
        ,yunzhu_id,project_id,project_name,tender_name,tender_origin,code,name,
        sign_date,subcontractor_name,start_date,end_date,total_duration,warranty_expire_date
        ,warranty_proportion,warranty,rmb_exclude_tax,dollar,local_price,tax_rate,
        tax,rmb,taxpayer_identification,bank,bank_account,process_payment_ratio,
        final_payment_ratio,shelf_payment_ratio,quality_assessment_ratio,safety_assessment_ratio,
        progress_assessment_ratio,main_contents,billing_requirements,quality_requirements,
        safety_requirements,note,approval_status,file_list
    </sql>

    <insert id="add" parameterType="Contract">
        insert into contract (id,create_user,create_time
        ,yunzhu_id,project_id,project_name,tender_name,tender_origin,code,name,
        sign_date,subcontractor_name,start_date,end_date,total_duration,warranty_expire_date
        ,warranty_proportion,warranty,rmb_exclude_tax,dollar,local_price,tax_rate,
        tax,rmb,taxpayer_identification,bank,bank_account,process_payment_ratio,
        final_payment_ratio,shelf_payment_ratio,quality_assessment_ratio,safety_assessment_ratio,
        progress_assessment_ratio,main_contents,billing_requirements,quality_requirements,
        safety_requirements,note,approval_status,file_list)
        values (#{id},#{create_user},current_date,#{yunzhuId},#{projectId},#{projectName},
        #{tenderName},#{tenderOrigin},#{code},#{name},#{signDate},#{subcontractorName},
        #{startDate},#{endDate},#{totalDuration},#{warrantyExpireDate},#{warrantyProportion},
        #{warranty},#{rmbExcludeTax},#{dollar},#{localPrice},#{taxRate},#{tax},#{rmb},
        #{taxpayerIdentification},#{bank},#{bankAccount},#{processPaymentRatio},#{finalPaymentRatio},
        #{shelfPaymentRatio},#{qualityAssessmentRatio},#{safetyAssessmentRatio},#{progressAssessmentRatio},
        #{mainContents},#{billingRequirements},#{qualityRequirements},#{safetyRequirements},
        #{note},'SAVED',#{fileList})
    </insert>

    <update id="delete">
        update contract
        set is_deleted = 1,update_user = #{updateUser},update_time = current_date
        where is_deleted = 0 and id in
        <foreach index="index" item="item" collection="ids"
                 open="(" separator="," close=")">
            #{item}
        </foreach>
    </update>

    <update id="edit" parameterType="Contract">
        update contract
        <set>
            update_user = #{create_user},update_time = current_date,
            <if test="yunzhuId != null">yunzhu_id = #{yunzhuId},</if>
            <if test="projectId != null">project_id = #{projectId},</if>
            <if test="projectName != null">project_name = #{projectName},</if>
            <if test="tenderName != null">tender_name = #{tenderName},</if>
            <if test="tenderOrigin != null">tender_origin = #{tenderOrigin},</if>
            <if test="name != null">name = #{name},</if>
            <if test="signDate != null">sign_date = #{signDate},</if>
            <if test="subcontractorName != null">subcontractor_name = #{subcontractorName},</if>
            <if test="startDate != null">start_date = #{startDate},</if>
            <if test="endDate != null">end_date = #{endDate},</if>
            <if test="totalDuration != null">total_duration = #{totalDuration},</if>
            <if test="warrantyExpireDate != null">warranty_expire_date = #{warrantyExpireDate},</if>
            <if test="warrantyProportion != null">warranty_proportion = #{warrantyProportion},</if>
            <if test="warranty != null">warranty = #{warranty},</if>
            <if test="rmbExcludeTax != null">rmb_exclude_tax = #{rmbExcludeTax},</if>
            <if test="dollar != null">dollar = #{dollar},</if>
            <if test="localPrice != null">local_price = #{localPrice},</if>
            <if test="taxRate != null">tax_rate = #{taxRate},</if>
            <if test="tax != null">tax = #{tax},</if>
            <if test="rmb != null">rmb = #{rmb},</if>
            <if test="taxpayerIdentification != null">taxpayer_identification = #{taxpayerIdentification},</if>
            <if test="bank != null">bank = #{bank},</if>
            <if test="bankAccount != null">bank_account = #{bankAccount},</if>
            <if test="processPaymentRatio != null">process_payment_ratio = #{processPaymentRatio},</if>
            <if test="finalPaymentRatio != null">final_payment_ratio = #{finalPaymentRatio},</if>
            <if test="shelfPaymentRatio != null">shelf_payment_ratio = #{shelfPaymentRatio},</if>
            <if test="qualityAssessmentRatio != null">quality_assessment_ratio = #{qualityAssessmentRatio},</if>
            <if test="safetyAssessmentRatio != null">safety_assessment_ratio = #{safetyAssessmentRatio},</if>
            <if test="progressAssessmentRatio != null">progress_assessment_ratio = #{progressAssessmentRatio},</if>
            <if test="mainContents != null">main_contents = #{mainContents},</if>
            <if test="billingRequirements != null">billing_requirements = #{billingRequirements},</if>
            <if test="qualityRequirements != null">quality_requirements = #{qualityRequirements},</if>
            <if test="safetyRequirements != null">safety_requirements = #{safetyRequirements},</if>
            <if test="bank != null">note = #{note},</if>
            <if test="fileList != null">file_list = #{fileList}</if>
        </set>
        where is_deleted = 0 and approval_status = 'SAVED' and id = #{id}
    </update>

    <select id="get">
        select <include refid="allField"/>
        from contract where is_deleted = 0
    </select>

    <update id="correct" parameterType="Contract">
        update contract
        <set>
            update_user = #{create_user},update_time = current_date,
            <if test="yunzhuId != null">yunzhu_id = #{yunzhuId},</if>
            <if test="projectId != null">project_id = #{projectId},</if>
            <if test="projectName != null">project_name = #{projectName},</if>
            <if test="tenderName != null">tender_name = #{tenderName},</if>
            <if test="tenderOrigin != null">tender_origin = #{tenderOrigin},</if>
            <if test="name != null">name = #{name},</if>
            <if test="signDate != null">sign_date = #{signDate},</if>
            <if test="subcontractorName != null">subcontractor_name = #{subcontractorName},</if>
            <if test="startDate != null">start_date = #{startDate},</if>
            <if test="endDate != null">end_date = #{endDate},</if>
            <if test="totalDuration != null">total_duration = #{totalDuration},</if>
            <if test="warrantyExpireDate != null">warranty_expire_date = #{warrantyExpireDate},</if>
            <if test="warrantyProportion != null">warranty_proportion = #{warrantyProportion},</if>
            <if test="warranty != null">warranty = #{warranty},</if>
            <if test="rmbExcludeTax != null">rmb_exclude_tax = #{rmbExcludeTax},</if>
            <if test="dollar != null">dollar = #{dollar},</if>
            <if test="localPrice != null">local_price = #{localPrice},</if>
            <if test="taxRate != null">tax_rate = #{taxRate},</if>
            <if test="tax != null">tax = #{tax},</if>
            <if test="rmb != null">rmb = #{rmb},</if>
            <if test="taxpayerIdentification != null">taxpayer_identification = #{taxpayerIdentification},</if>
            <if test="bank != null">bank = #{bank},</if>
            <if test="bankAccount != null">bank_account = #{bankAccount},</if>
            <if test="processPaymentRatio != null">process_payment_ratio = #{processPaymentRatio},</if>
            <if test="finalPaymentRatio != null">final_payment_ratio = #{finalPaymentRatio},</if>
            <if test="shelfPaymentRatio != null">shelf_payment_ratio = #{shelfPaymentRatio},</if>
            <if test="qualityAssessmentRatio != null">quality_assessment_ratio = #{qualityAssessmentRatio},</if>
            <if test="safetyAssessmentRatio != null">safety_assessment_ratio = #{safetyAssessmentRatio},</if>
            <if test="progressAssessmentRatio != null">progress_assessment_ratio = #{progressAssessmentRatio},</if>
            <if test="mainContents != null">main_contents = #{mainContents},</if>
            <if test="billingRequirements != null">billing_requirements = #{billingRequirements},</if>
            <if test="qualityRequirements != null">quality_requirements = #{qualityRequirements},</if>
            <if test="safetyRequirements != null">safety_requirements = #{safetyRequirements},</if>
            <if test="bank != null">note = #{note},</if>
            <if test="fileList != null">file_list = #{fileList}</if>
        </set>
        where is_deleted = 0 and id = #{id}
    </update>

    <select id="getByIdBatch">
        select <include refid="allField"/>
        from contract where is_deleted = 0 and id in
        <foreach index="index" item="item" collection="ids"
                 open="(" separator="," close=")">
            #{item}
        </foreach>
    </select>
</mapper>