<?xml version="1.0" encoding="UTF-8" ?>
<!DOCTYPE mapper PUBLIC "-//mybatis.org//DTD Mapper 3.0//EN" "http://mybatis.org/dtd/mybatis-3-mapper.dtd">
<mapper namespace="com.cscec.informationcenter.business_subcontract_settlement.dao.ContractItemDao">

    <resultMap id="baseMap" type="ContractItem">
        <result column="id" property="id" />
        <result column="name" property="name"/>
        <result column="code" property="code"/>
        <result column="create_time" property="createTime"/>
        <result column="update_time" property="updateTime"/>
        <result column="create_user" property="createUser"/>
        <result column="update_user" property="updateUser"/>
        <result column="is_deleted" property="isDeleted"/>
        <result column="technical_requirements" property="technicalRequirements"/>
        <result column="accounting_element" property="accountingElement"/>
        <result column="unit" property="unit"/>
        <result column="engineering_quantity" property="engineeringQuantity"/>
        <result column="univalent_exclude_tax" property="univalentExcludeTax"/>
        <result column="total_exclude_tax" property="totalExcludeTax"/>
        <result column="univalent" property="univalent"/>
        <result column="total" property="total"/>
        <result column="note" property="note"/>
        <result column="contract_id" property="contractId"/>
    </resultMap>

    <select id="generateCode" resultMap="String">
        select concat(current_date+'-',lpad(count(*) + 1 + "",5,"0"))
        from contract_item
        where is_deleted = 0 and create_time = current_date and contract_id = #{contractId}
    </select>

    <sql id="allFields">
        id,name,code,create_time,update_time,create_user,update_user,is_deleted,technical_requirements
        ,accounting_element,unit,engineering_quantity,univalent_exclude_tax,total_exclude_tax,
        univalent,total,note,contract_id
    </sql>

    <insert id="add" parameterType="ContractItem">
        insert into contract_item (id,name,code,create_time,
        create_user,technical_requirements,accounting_element,
        unit,engineering_quantity,univalent_exclude_tax,total_exclude_tax,
        univalent,total,note,contract_id)
        values (#{id},#{name},#{code},current_date,#{createUser},#{technicalRequirements}
        ,#{accountingElement},#{unit},#{engineeringQuantity},#{univalentExcludeTax}
        ,#{totalExcludeTax},#{univalent},#{total},#{note},#{contractId})
    </insert>

    <update id="delete">
        update contract_item
        set is_deleted = 1,update_user = #{updateUser},update_time = current_date
        where is_deleted = 0 and contract_id = #{contractId}
    </update>

    <update id="deleteWithContractIds">
        update contract_item
        set is_deleted = 1,update_user = #{updateUser},update_time = current_date
        where is_deleted = 0 and contract_id in
        <foreach index="index" item="item" collection="contractIds"
                 open="(" separator="," close=")">
            #{item}
        </foreach>
    </update>

    <select id="get" resultMap="baseMap">
        select <include refid="allFields"/> from contract_item
        where is_deleted = 0 and contract_id = #{contractId}
    </select>
</mapper>